relative_lift,p_c,p_t,abs_delta,n_per_arm,power_sim,se,ci_lo,ci_hi,power_closed_form,n_trials,power_exact,closed_form_minus_exact,binom_p_vs_exact,z_vs_exact,well_conditioned_vs_exact,binom_p_vs_closed_form,z_vs_closed_form,well_conditioned_vs_closed_form
0.0,0.1,0.1,0.0,500,0.0499,0.0015396426533452493,0.04688235585038163,0.05291764414961837,0.05,20000,0.04960744828752272,0.00039255171247728343,0.845077445633529,0.19054286293638914,True,,,
0.0,0.1,0.1,0.0,1000,0.04895,0.0015256784966040519,0.04595972509466884,0.05194027490533116,0.05,20000,0.04989867896102685,0.00010132103897315253,0.5479841788386428,-0.6161760050029735,True,0.5059830268954595,-0.6813299687492042,True
0.0,0.1,0.1,0.0,2000,0.04975,0.0015374481698580932,0.04673665695898112,0.05276334304101889,0.05,20000,0.04995259432838221,4.7405671617789524e-05,0.9095515080884209,-0.13151964214296763,True,0.8839263222161777,-0.16222142113076268,True
0.0,0.1,0.1,0.0,5000,0.0504,0.0015469298626634629,0.04736807318257012,0.05343192681742988,0.05,20000,0.04998954587744331,1.0454122556693979e-05,0.7826982239270374,0.2663641863509567,True,0.7951943823707786,0.25955427380921847,True
0.0,0.1,0.1,0.0,10000,0.04885,0.001524199421007632,0.045862624029568234,0.05183737597043176,0.050000000000000024,20000,0.05002784369166495,-2.784369166492634e-05,0.4556428562688729,-0.7640843909667386,True,0.46539090835681174,-0.7462185372015244,True
0.0,0.1,0.1,0.0,15000,0.05095,0.0015548970625092837,0.04790245775781468,0.05399754224218532,0.05,20000,0.05000659530309466,-6.595303094658611e-06,0.5376111835436219,0.6121235574155319,True,0.537576002405898,0.6164414002968973,True
0.0,0.1,0.1,0.0,25000,0.04765,0.001506311347298426,0.04469768400979108,0.05060231599020892,0.05,20000,0.050010397952967876,-1.0397952967873547e-05,0.12731753415906694,-1.53147758948608,True,0.1313484185776427,-1.524881358629171,True
0.0,0.1,0.1,0.0,50000,0.0518,0.0015671113553286506,0.04872851818379209,0.05487148181620791,0.05,20000,0.04999710718055086,2.8928194491448234e-06,0.24276396667167036,1.1699034037848632,True,0.24278335703294066,1.1679942321414876,True
0.025,0.1,0.1025,0.0024999999999999883,500,0.05225,0.0015735300680317487,0.049165937738066906,0.05533406226193309,0.051967272408120366,20000,0.05155323347676036,0.00041403893136000847,0.654357752041071,0.44562324743297976,True,,,
0.025,0.1,0.1025,0.0024999999999999883,1000,0.05425,0.0016016700268781955,0.051110784432201434,0.057389215567798565,0.05394116517217261,20000,0.053836623632681796,0.0001045415394908128,0.789999224794656,0.25902320205831625,True,0.8387771554389885,0.193340142274236,True
0.025,0.1,0.1025,0.0024999999999999883,2000,0.0567,0.0016353151072499759,0.053494841286415795,0.059905158713584206,0.057902580101814684,20000,0.05783283224128168,6.974786053300097e-05,0.505117500005084,-0.6863243144541373,True,0.47678616733610457,-0.7281689333705484,True
0.025,0.1,0.1025,0.0024999999999999883,5000,0.0701,0.0018053530125712257,0.0665615731159795,0.07363842688402049,0.06988999762670449,20000,0.06988731815151221,2.6794751922798454e-06,0.9006778163776795,0.11797186726845264,True,0.9006809744675313,0.11648353189925328,True
0.025,0.1,0.1025,0.0024999999999999883,10000,0.0879,0.0020021686991859603,0.08397582145862212,0.0918241785413779,0.09017504561501526,20000,0.0902120572276787,-3.701161266343733e-05,0.25623187189537555,-1.1413299016437135,True,0.26659918666584476,-1.1232669973090916,True
0.025,0.1,0.1025,0.0024999999999999883,15000,0.11475,0.0022536907230141408,0.11033284735060025,0.11916715264939975,0.11077731872536402,20000,0.11079370793895521,-1.6389213591191942e-05,0.0751182689054597,1.7825615324409947,True,0.07508815202986918,1.7900618244318542,True
0.025,0.1,0.1025,0.0024999999999999883,25000,0.153,0.0025454960223893494,0.1480109194733269,0.1579890805266731,0.15265501417094612,20000,0.1526685768494712,-1.3562678525064209e-05,0.8983140148086441,0.13031558394380985,True,0.8905369026975828,0.13565336926220714,True
0.025,0.1,0.1025,0.0024999999999999883,50000,0.26245,0.0031110287486617668,0.25635249569775426,0.2685475043022458,0.2585116392128396,20000,0.2585188587157709,-7.219502931310462e-06,0.2048614021985552,1.2698063089776672,True,0.2048539934168128,1.2721498662856539,True
0.05,0.1,0.10500000000000001,0.0050000000000000044,500,0.0586,0.0016608136560132204,0.05534486504918179,0.06185513495081821,0.05781069914058677,20000,0.05735365872225978,0.00045704041832698994,0.4470713987312219,0.7580485468412549,True,,,
0.05,0.1,0.10500000000000001,0.0050000000000000044,1000,0.06395,0.0017300346456068448,0.06055919440260407,0.06734080559739594,0.06569825003906016,20000,0.0655694119482755,0.00012883809078466368,0.3606530597316227,-0.92522672651089,True,0.3247866980034224,-0.9979253670840752,True
0.05,0.1,0.10500000000000001,0.0050000000000000044,2000,0.082,0.0019400515457069691,0.07819756884226309,0.08580243115773692,0.08166073002323952,20000,0.08154140458279667,0.00011932544044285232,0.806100690365056,0.23698770913020423,True,0.856564247241713,0.17520730919101954,True
0.05,0.1,0.10500000000000001,0.0050000000000000044,5000,0.12885,0.002369047039423236,0.12420675312504921,0.1334932468749508,0.13071288747979917,20000,0.13071402275707708,-1.1352772779082976e-06,0.44386998630211894,-0.782030661203992,True,0.4438684324824442,-0.7815572515032034,True
0.05,0.1,0.10500000000000001,0.0050000000000000044,10000,0.21795,0.0029193132540034136,0.2122282511625629,0.22367174883743712,0.2143912655732918,20000,0.21446377562435234,-7.251005106054254e-05,0.2311780039501708,1.2011859694956215,True,0.22120915531124435,1.2263201994593629,True
0.05,0.1,0.10500000000000001,0.0050000000000000044,15000,0.29915,0.0032377405509089207,0.29280414512893366,0.3054958548710664,0.29760007024879354,20000,0.2976417364668158,-4.166621802226267e-05,0.6426776424507294,0.4665153795179457,True,0.6316267199065063,0.47942234089256563,True
0.05,0.1,0.10500000000000001,0.0050000000000000044,25000,0.4521,0.0035192725810883137,0.4452023524892876,0.4589976475107124,0.45354864329469086,20000,0.45360173357111333,-5.309027642247388e-05,0.675216446047642,-0.42659511511610554,True,0.6856245298832058,-0.4115179353763735,True
0.05,0.1,0.10500000000000001,0.0050000000000000044,50000,0.74005,0.0031014190099049824,0.7339713304396184,0.7461286695603816,0.7410495050795832,20000,0.7410924236279824,-4.2918548399217826e-05,0.73461755100688,-0.3365508394830839,True,0.7468209578198082,-0.32267700696918034,True
0.1,0.1,0.11000000000000001,0.010000000000000009,500,0.0814,0.001933572341548151,0.07761026784906284,0.08518973215093716,0.08095832050177504,20000,0.08039481955798607,0.0005635009437889721,0.6029687789666778,0.5228104873128675,True,,,
0.1,0.1,0.11000000000000001,0.010000000000000009,1000,0.11775,0.0022790890449914413,0.11328306755425699,0.122216932445743,0.11279181643941862,20000,0.1125988522772575,0.00019296416216112167,0.02184858062397939,2.3045812677925297,True,0.027673072913014338,2.2165933909202575,True
0.1,0.1,0.11000000000000001,0.010000000000000009,2000,0.17645,0.002695509205141025,0.1711668990379274,0.1817331009620726,0.1779527406224395,20000,0.17774099205823402,0.00021174856420547172,0.6371811753658694,-0.47757375103837163,True,0.585486077493611,-0.5556461263153061,True
0.1,0.1,0.11000000000000001,0.010000000000000009,5000,0.36925,0.0034125096153710685,0.3625616040569761,0.375938395943024,0.3712533377715194,20000,0.3713178497480954,-6.451197657597607e-05,0.5484827910662893,-0.605264913062019,True,0.5631918165775092,-0.5864029514718747,True
0.1,0.1,0.11000000000000001,0.010000000000000009,10000,0.63545,0.0034033314377239256,0.6287795929546082,0.6421204070453918,0.6356078962786,20000,0.6358501005381983,-0.00024220425959831093,0.9064183240906747,-0.11758899106758447,True,0.964842065407642,-0.04639890928933688,True
0.1,0.1,0.11000000000000001,0.010000000000000009,15000,0.81095,0.002768664818102762,0.8055235166712554,0.8163764833287445,0.8065336546562699,20000,0.8066727547986047,-0.0001391001423347582,0.1280069385785826,1.531736000779189,True,0.11519079024586791,1.5811172008344834,True
0.1,0.1,0.11000000000000001,0.010000000000000009,25000,0.95515,0.0014635313030475288,0.95228153135578,0.9580184686442201,0.9542339230258408,20000,0.9543062500891242,-7.23270632834172e-05,0.5879321768446772,0.571421337660548,True,0.5537268738527683,0.6199371976793536,True
0.1,0.1,0.11000000000000001,0.010000000000000009,50000,0.99945,0.00016578562965469148,0.9991250661367225,0.9997749338632774,0.9993086868616131,20000,0.999311081248845,-2.394387231929862e-06,0.5879550363541006,0.7487580659386938,True,0.5884092504897103,0.7603443143629187,True
0.15,0.1,0.11499999999999999,0.014999999999999986,500,0.1209,0.0023052460823087847,0.11638180070317272,0.12541819929682727,0.11931787107356838,20000,0.11872058074331973,0.0005972903302486482,0.34162312496034153,0.9528750630011025,True,,,
0.15,0.1,0.11499999999999999,0.014999999999999986,1000,0.19105,0.002779837202967109,0.1856016191992999,0.1964983808007001,0.19131068044172742,20000,0.1911411088651133,0.0001695715766141248,0.9784802978452652,-0.032768925600455516,True,0.9355228766804808,-0.09372662616306134,True
0.15,0.1,0.11499999999999999,0.014999999999999986,2000,0.33365,0.003334124154107042,0.3271152367379651,0.3401847632620349,0.3343065664499525,20000,0.3342598851198233,4.668133012919462e-05,0.8572541199333717,-0.18283887572863072,True,0.8513757957778562,-0.19682673782066334,True
0.15,0.1,0.11499999999999999,0.014999999999999986,5000,0.67995,0.0032986209050147003,0.6734848218275203,0.6864151781724798,0.6777842487801105,20000,0.6780268089027361,-0.00024256012262569016,0.565232661994167,0.5821087785587038,True,0.5152905221744727,0.6553969956204084,True
0.15,0.1,0.11499999999999999,0.014999999999999986,10000,0.9323,0.0017764671401407906,0.9288181883856051,0.9357818116143949,0.9285033910063152,20000,0.9287333850780781,-0.00022999407176294007,0.05098493414883003,1.9605712326406037,True,0.03699278860340112,2.083897726480074,True
0.15,0.1,0.11499999999999999,0.014999999999999986,15000,0.9869,0.0008040021766139691,0.9853241846903448,0.9884758153096552,0.9872764634778668,20000,0.987333841280107,-5.73778022402438e-05,0.5692907425211897,-0.5486449629195527,True,0.635978426885865,-0.47502288796792214,True
0.15,0.1,0.11499999999999999,0.014999999999999986,25000,0.99965,0.00013226441320324253,0.9993907665136854,0.9999092334863147,0.9997251537335032,20000,0.9997274306786522,-2.2769451489823567e-06,0.5135623567149427,-0.6633592247501486,True,0.5154790698679289,-0.6411805321720782,True
0.15,0.1,0.11499999999999999,0.014999999999999986,50000,1.0,0.0,1.0,1.0,0.9999999939604405,20000,0.9999999940692608,-1.0882028611547412e-10,1.0,0.010891041518812289,False,1.0,0.010990504588637174,False
0.2,0.1,0.12,0.01999999999999999,500,0.174,0.002680708861476755,0.16874590717846819,0.1792540928215318,0.17259041374484188,20000,0.17214958380472614,0.00044082994011573895,0.4882835562414027,0.6931951163485263,True,,,
0.2,0.1,0.12,0.01999999999999999,1000,0.30335,0.0032506059242855016,0.2969789294604679,0.30972107053953213,0.29808032538146,20000,0.2981415892060846,-6.126382462456892e-05,0.1079192404993293,1.6102162038722811,True,0.10454941867736575,1.6292526431688867,True
0.2,0.1,0.12,0.01999999999999999,2000,0.5269,0.003530413502693417,0.519980516684187,0.5338194833158131,0.524515256115834,20000,0.5249927709610467,-0.0004775148452126343,0.5905325193707899,0.5401210175698119,True,0.5012325543966145,0.6753196484129531,True
0.2,0.1,0.12,0.01999999999999999,5000,0.8869,0.002239513228360127,0.8825106347295132,0.8912893652704869,0.891897475989885,20000,0.8922322863555225,-0.00033481036563753896,0.015635436469473404,-2.431896904372237,True,0.023454749963643783,-2.2760947108356775,True
0.2,0.1,0.12,0.01999999999999999,10000,0.9952,0.0004887207791776418,0.9942421248743154,0.9961578751256845,0.9947842939791607,20000,0.9948352401820069,-5.0946202846180455e-05,0.5210714353099697,0.7196500215732567,True,0.4612130971693216,0.8161693850944165,True
0.2,0.1,0.12,0.01999999999999999,15000,0.99965,0.00013226441320324253,0.9993907665136854,0.9999092334863147,0.9998265664844304,20000,0.999829171969419,-2.6054849886492093e-06,0.09184610432299434,-1.9388427909140409,False,0.0940321632011268,-1.896244865839041,False
0.2,0.1,0.12,0.01999999999999999,25000,1.0,0.0,1.0,1.0,0.9999998943952741,20000,0.9999998971099171,-2.714642954870783e-09,1.0,0.04536300110981849,False,1.0,0.04595753191922506,False
0.2,0.1,0.12,0.01999999999999999,50000,1.0,0.0,1.0,1.0,0.9999999999999998,20000,0.9999999999999997,1.1102230246251565e-16,1.0,2.5809568279517852e-06,False,1.0,2.1073424255447017e-06,False
0.3,0.1,0.13,0.03,500,0.31735,0.003291192621983709,0.310899380994728,0.323800619005272,0.31816306064719707,20000,0.31877421199129324,-0.0006111513440961724,0.6709330501914079,-0.43221765771236714,True,,,
0.3,0.1,0.13,0.03,1000,0.55705,0.003512444287814399,0.5501657356981804,0.5639342643018197,0.556852915971467,20000,0.5579506121382327,-0.0010976961667656937,0.7977347556007175,-0.2564599290986366,True,0.960265569818262,0.05610766970804978,True
0.3,0.1,0.13,0.03,2000,0.84505,0.002558715473631252,0.8400350098249973,0.8500649901750026,0.8449195312242875,20000,0.8461196120574589,-0.0012000808331713575,0.6735195849087094,-0.4192120625969175,True,0.9688356167233101,0.05097243229183544,True
0.3,0.1,0.13,0.03,5000,0.99725,0.00037029970969473027,0.9965242259055127,0.9979757740944872,0.996973928026374,20000,0.9970323711608889,-5.844313451497385e-05,0.6486861558401358,0.5658118285351633,True,0.5197471954649358,0.7108137015423445,True
0.3,0.1,0.13,0.03,10000,1.0,0.0,1.0,1.0,0.9999986648645044,20000,0.9999987239376982,-5.9073193781067346e-08,1.0,0.15975380622457427,False,1.0,0.1634097474568212,False
0.3,0.1,0.13,0.03,15000,1.0,0.0,1.0,1.0,0.9999999997006302,20000,0.9999999997210501,-2.0419888002720654e-11,1.0,0.002361990107033152,False,1.0,0.0024469154104735775,False
0.3,0.1,0.13,0.03,25000,1.0,0.0,1.0,1.0,1.0,20000,0.9999999999999998,2.220446049250313e-16,1.0,2.1073424255447017e-06,False,1.0,0.0,False
0.3,0.1,0.13,0.03,50000,1.0,0.0,1.0,1.0,1.0,20000,0.9999999999999998,2.220446049250313e-16,1.0,2.1073424255447017e-06,False,1.0,0.0,False
