case,K,method,alpha_per_look,z_crit_per_look,rate,se,ci_lo,ci_hi,gaussian_theory,mean_n_at_stop,n_trials
null,1,uncorrected,0.05,1.959963984540054,0.05098,0.0009836771787532738,0.04905202815722961,0.052907971842770386,0.0500250155414382,14800.0,50000
null,1,bonferroni,0.05,1.959963984540054,0.05098,0.0009836771787532738,0.04905202815722961,0.052907971842770386,0.0500250155414382,14800.0,50000
null,1,pocock,0.05,1.959963984540054,0.05098,0.0009836771787532738,0.04905202815722961,0.052907971842770386,0.0500250155414382,14800.0,50000
null,2,uncorrected,0.05,1.959963984540054,0.08362,0.0012379636149742043,0.08119363590047955,0.08604636409952045,0.08315773143816116,14435.032,50000
null,2,bonferroni,0.025,2.241402727604947,0.0433,0.0009102209621844578,0.04151599969614507,0.045084000303854926,0.04282839500959945,14614.852,50000
null,2,pocock,0.029368875981247426,2.1784994117349554,0.05104,0.0009842247548197515,0.04911095492786052,0.05296904507213948,0.05000313868903117,14580.664,50000
null,3,uncorrected,0.05,1.959963984540054,0.10764,0.0013860276360881123,0.10492343575169011,0.11035656424830989,0.10725051409896857,14143.07198,50000
null,3,bonferroni,0.016666666666666666,2.3939797998185104,0.0384,0.0008593653472185156,0.03671567486988995,0.040084325130110045,0.038401918212388676,14574.74264,50000
null,3,pocock,0.02205028309877986,2.2895005997948066,0.0501,0.0009756022755201014,0.04818785467674528,0.05201214532325472,0.04999794934783412,14503.60326,50000
null,5,uncorrected,0.05,1.959963984540054,0.14186,0.0015603572693457099,0.13880175594906716,0.14491824405093287,0.1416320302028941,13711.1344,50000
null,5,bonferroni,0.01,2.5758293035489004,0.03274,0.0007958403407719415,0.03118018159464291,0.034299818405357084,0.03274945437808069,14560.2992,50000
null,5,pocock,0.015821806385566354,2.4130003037360277,0.05022,0.0009767082635055361,0.048305686980126494,0.05213431301987351,0.049997127508125586,14428.9344,50000
null,7,uncorrected,0.05,1.959963984540054,0.1669,0.001667599412328992,0.163631565211195,0.17016843478880497,0.16621685118166915,13391.58738,50000
null,7,bonferroni,0.0071428571428571435,2.690109527158867,0.02924,0.0007534589889303863,0.02776324751786848,0.03071675248213152,0.029045477026703362,14567.9782,50000
null,7,pocock,0.012936967225739567,2.485499765968397,0.0501,0.0009756022755201014,0.04818785467674528,0.05201214532325472,0.05000257932766305,14397.77788,50000
null,10,uncorrected,0.05,1.959963984540054,0.1941,0.0017687576996298843,0.1906332986113475,0.19756670138865248,0.19332820733346454,13029.7128,50000
null,10,bonferroni,0.005,2.807033768343811,0.02516,0.0007003852425629768,0.023787270149273215,0.026532729850726782,0.025284852209156494,14584.7488,50000
null,10,pocock,0.010615110144791794,2.5551203079426776,0.04966,0.000971533678263394,0.047755828980836024,0.05156417101916398,0.05001433872678676,14368.6096,50000
null,14,uncorrected,0.05,1.959963984540054,0.22076,0.0018548586059319995,0.21712454393595912,0.2243954560640409,0.21966701355885723,12669.08138,50000
null,14,bonferroni,0.0035714285714285718,2.9137263183343394,0.02146,0.0006480658670227896,0.02018981424102561,0.02273018575897439,0.021922430547069563,14608.04306,50000
null,14,pocock,0.008935809176012468,2.6145002628532663,0.04968,0.0009717190705136954,0.04777546561870242,0.051584534381297585,0.04998527108781056,14349.76016,50000
null,20,uncorrected,0.05,1.959963984540054,0.24958,0.0019354060225182724,0.24578667390040226,0.25337332609959773,0.24789209108255697,12264.0792,50000
null,20,bonferroni,0.0025,3.023341439739154,0.01864,0.0006048561878661737,0.01745450365595611,0.019825496344043892,0.01864011332425499,14624.1316,50000
null,20,pocock,0.007537794744976774,2.6721010425728458,0.04976,0.0009724602038129889,0.04785401302412806,0.051665986975871936,0.05002196095404584,14321.9896,50000
null,28,uncorrected,0.05,1.959963984540054,0.27672,0.0020007300747477154,0.2727986411107084,0.28064135888929165,0.27460747746346165,11886.4147,50000
null,28,bonferroni,0.0017857142857142859,3.1237346303238454,0.01574,0.0005566372678863678,0.014649011002489946,0.016830988997510055,0.01584150795311287,14646.15452,50000
null,28,pocock,0.006500661794880336,2.721397110621499,0.05002,0.0009748640889888191,0.04810930149576047,0.051930698504239536,0.04997172901081423,14306.32664,50000
alt,1,uncorrected,0.05,1.959963984540054,0.8059,0.0017687576996298843,0.8024332986113475,0.8093667013886524,,14800.0,50000
alt,1,bonferroni,0.05,1.959963984540054,0.8059,0.0017687576996298843,0.8024332986113475,0.8093667013886524,,14800.0,50000
alt,1,pocock,0.05,1.959963984540054,0.8059,0.0017687576996298843,0.8024332986113475,0.8093667013886524,,14800.0,50000
alt,2,uncorrected,0.05,1.959963984540054,0.8264,0.0016938892525782197,0.8230800380711473,0.8297199619288528,,11010.608,50000
alt,2,bonferroni,0.025,2.241402727604947,0.73924,0.001963487827311389,0.7353916345743868,0.7430883654256132,,11847.696,50000
alt,2,pocock,0.029368875981247426,2.1784994117349554,0.76002,0.0019099193679315365,0.7562766268254787,0.7637633731745214,,11668.912,50000
alt,3,uncorrected,0.05,1.959963984540054,0.83904,0.0016434833640776533,0.835818831797217,0.842261168202783,,9704.63438,50000
alt,3,bonferroni,0.016666666666666666,2.3939797998185104,0.70196,0.0020455422674684576,0.6979508108269075,0.7059691891730926,,11290.93824,50000
alt,3,pocock,0.02205028309877986,2.2895005997948066,0.73864,0.001964947584033732,0.7347887735037849,0.742491226496215,,10924.68052,50000
alt,5,uncorrected,0.05,1.959963984540054,0.8541,0.0015786905333218415,0.8510058234119549,0.8571941765880451,,8500.232,50000
alt,5,bonferroni,0.01,2.5758293035489004,0.653,0.002128807177740624,0.648827614601598,0.6571723853984021,,11077.5632,50000
alt,5,pocock,0.015821806385566354,2.4130003037360277,0.71412,0.0020206564557093817,0.7101595861216813,0.7180804138783187,,10426.1856,50000
alt,7,uncorrected,0.05,1.959963984540054,0.86316,0.0015369763459468072,0.8601475817168543,0.8661724182831457,,7887.26624,50000
alt,7,bonferroni,0.0071428571428571435,2.690109527158867,0.6204,0.0021702711351349628,0.6161463467384486,0.6246536532615513,,11114.4226,50000
alt,7,pocock,0.012936967225739567,2.485499765968397,0.6999,0.00204958527512275,0.6958828866775157,0.7039171133224842,,10252.68454,50000
alt,10,uncorrected,0.05,1.959963984540054,0.8708,0.0015000490658641803,0.8678599578558632,0.8737400421441368,,7369.1272,50000
alt,10,bonferroni,0.005,2.807033768343811,0.58556,0.00220308640956273,0.5812420299824274,0.5898779700175726,,11231.1872,50000
alt,10,pocock,0.010615110144791794,2.5551203079426776,0.68586,0.002075842288807124,0.6817914238763528,0.6899285761236472,,10168.9616,50000
alt,14,uncorrected,0.05,1.959963984540054,0.87902,0.0014583815659833332,0.8761616246549556,0.8818783753450444,,6928.48138,50000
alt,14,bonferroni,0.0035714285714285718,2.9137263183343394,0.55052,0.0022246245957464376,0.546159815913215,0.554880184086785,,11403.62084,50000
alt,14,pocock,0.008935809176012468,2.6145002628532663,0.67418,0.002096002517174061,0.6700719105548335,0.6782880894451665,,10118.8469,50000
alt,20,uncorrected,0.05,1.959963984540054,0.88604,0.0014210778894909312,0.8832547385173717,0.8888252614826284,,6535.6504,50000
alt,20,bonferroni,0.0025,3.023341439739154,0.51518,0.002235037214902696,0.510799407554684,0.5195605924453159,,11623.2984,50000
alt,20,pocock,0.007537794744976774,2.6721010425728458,0.66204,0.0021153866710367634,0.6578939183113919,0.666186081688608,,10106.6684,50000
alt,28,uncorrected,0.05,1.959963984540054,0.89278,0.0013836464259340243,0.8900681028378318,0.8954918971621683,,6203.6447,50000
alt,28,bonferroni,0.0017857142857142859,3.1237346303238454,0.48114,0.0022344766743020612,0.4767605061940731,0.4855194938059269,,11850.60958,50000
alt,28,pocock,0.006500661794880336,2.721397110621499,0.6505,0.0021323684015666713,0.6463206347311581,0.6546793652688419,,10126.67542,50000
