case,K,comparison,diff,se,ci_lo,ci_hi
null,1,uncorrected_minus_fixed,0.0,0.0,0.0,0.0
null,1,bonferroni_minus_fixed,0.0,0.0,0.0,0.0
null,1,pocock_minus_fixed,0.0,0.0,0.0,0.0
null,1,bonferroni_minus_uncorrected,0.0,0.0,0.0,0.0
null,1,pocock_minus_bonferroni,0.0,0.0,0.0,0.0
null,2,uncorrected_minus_fixed,0.03264,0.0007946730384911536,0.03108246946507233,0.034197530534927675
null,2,bonferroni_minus_fixed,-0.00768,0.000853483989714168,-0.009352797881221323,-0.0060072021187786775
null,2,pocock_minus_fixed,6e-05,0.0008359508982458753,-0.0015784336534058231,0.001698433653405823
null,2,bonferroni_minus_uncorrected,-0.04032,0.0008797166759977901,-0.04204421300155496,-0.03859578699844504
null,2,pocock_minus_bonferroni,0.00774,0.00039192463573804834,0.006971841829299446,0.008508158170700554
null,3,uncorrected_minus_fixed,0.05666,0.0010339314620831336,0.05463353157183422,0.058686468428165786
null,3,bonferroni_minus_fixed,-0.01258,0.0009344797146255989,-0.01441154658494944,-0.010748453415050558
null,3,pocock_minus_fixed,-0.00088,0.0009363770864566052,-0.0027152653654034945,0.0009552653654034945
null,3,bonferroni_minus_uncorrected,-0.06924,0.0011353159149965866,-0.07146517830446844,-0.06701482169553155
null,3,pocock_minus_bonferroni,0.0117,0.00048090209537545863,0.010757449212974255,0.012642550787025746
null,5,uncorrected_minus_fixed,0.09088,0.0012854763945678738,0.08836051256367057,0.09339948743632943
null,5,bonferroni_minus_fixed,-0.01824,0.0009849697717742541,-0.020170505278538173,-0.016309494721461825
null,5,pocock_minus_fixed,-0.00076,0.0010178453557310974,-0.002754940239064311,0.0012349402390643106
null,5,bonferroni_minus_uncorrected,-0.10912,0.0013943799331272515,-0.11185293444969478,-0.10638706555030521
null,5,pocock_minus_bonferroni,0.01748,0.0005860852002202738,0.016331294115696317,0.01862870588430368
null,7,uncorrected_minus_fixed,0.11592,0.0014316745670163024,0.11311396941106606,0.11872603058893393
null,7,bonferroni_minus_fixed,-0.02174,0.000988214035186501,-0.023676863917982537,-0.01980313608201746
null,7,pocock_minus_fixed,-0.00088,0.001042691831810877,-0.0029236384373234146,0.0011636384373234143
null,7,bonferroni_minus_uncorrected,-0.13766,0.0015408575446287877,-0.14068002529277926,-0.13463997470722075
null,7,pocock_minus_bonferroni,0.02086,0.0006391442545369254,0.019607300280181924,0.022112699719818076
null,10,uncorrected_minus_fixed,0.14312,0.0015661361267933745,0.14005042959659791,0.14618957040340208
null,10,bonferroni_minus_fixed,-0.02582,0.0009995431625150935,-0.02777906859952285,-0.02386093140047715
null,10,pocock_minus_fixed,-0.00132,0.0010609371629617256,-0.003399398629265084,0.0007593986292650842
null,10,bonferroni_minus_uncorrected,-0.16894,0.0016757212443702493,-0.17222435328709434,-0.16565564671290567
null,10,pocock_minus_bonferroni,0.0245,0.0006913787385299043,0.023144922572804653,0.02585507742719535
null,14,uncorrected_minus_fixed,0.16978,0.0016790328808657384,0.16648915602464462,0.17307084397535535
null,14,bonferroni_minus_fixed,-0.02952,0.0010060773508198647,-0.031491875373268405,-0.027548124626731597
null,14,pocock_minus_fixed,-0.0013,0.001085720855374675,-0.003427973773798384,0.000827973773798384
null,14,bonferroni_minus_uncorrected,-0.1993,0.0017865200903098356,-0.20280151503466454,-0.19579848496533547
null,14,pocock_minus_bonferroni,0.02822,0.0007405967875112837,0.026768456969411818,0.02967154303058818
null,20,uncorrected_minus_fixed,0.1986,0.0017841593158934236,0.19510311199816727,0.20209688800183273
null,20,bonferroni_minus_fixed,-0.03234,0.0010089117137078553,-0.034317430622447985,-0.030362569377552016
null,20,pocock_minus_fixed,-0.00122,0.001105076764706017,-0.0033859106589758372,0.0009459106589758371
null,20,bonferroni_minus_uncorrected,-0.23094,0.0018847295222677023,-0.23463400198424408,-0.22724599801575593
null,20,pocock_minus_bonferroni,0.03112,0.0007765584156130545,0.029597973473506924,0.03264202652649307
null,28,uncorrected_minus_fixed,0.22574,0.0018696788392607005,0.22207549681239236,0.22940450318760763
null,28,bonferroni_minus_fixed,-0.03524,0.001007562976524561,-0.03721478714614412,-0.033265212853855884
null,28,pocock_minus_fixed,-0.00096,0.0011257028525051551,-0.0031663370482041086,0.0012463370482041088
null,28,bonferroni_minus_uncorrected,-0.26098,0.0019640432636066924,-0.2648294540607476,-0.2571305459392524
null,28,pocock_minus_bonferroni,0.03428,0.0008137019566263093,0.03268517347086266,0.03587482652913734
alt,1,uncorrected_minus_fixed,0.0,0.0,0.0,0.0
alt,1,bonferroni_minus_fixed,0.0,0.0,0.0,0.0
alt,1,pocock_minus_fixed,0.0,0.0,0.0,0.0
alt,1,bonferroni_minus_uncorrected,0.0,0.0,0.0,0.0
alt,1,pocock_minus_bonferroni,0.0,0.0,0.0,0.0
alt,2,uncorrected_minus_fixed,0.0205,0.0006337215729803122,0.01925792854073252,0.021742071459267483
alt,2,bonferroni_minus_fixed,-0.06666,0.0012792035081378977,-0.06916719280484757,-0.06415280719515243
alt,2,pocock_minus_fixed,-0.04588,0.0011594513351357058,-0.04815248285869286,-0.04360751714130713
alt,2,bonferroni_minus_uncorrected,-0.08716,0.0012614652250023692,-0.08963242640875436,-0.08468757359124564
alt,2,pocock_minus_bonferroni,0.02078,0.000637943548787374,0.019529653620207074,0.022030346379792926
alt,3,uncorrected_minus_fixed,0.03314,0.0008005295903041306,0.031570990834445305,0.0347090091655547
alt,3,bonferroni_minus_fixed,-0.10394,0.0015190706631074112,-0.10691732378966191,-0.1009626762103381
alt,3,pocock_minus_fixed,-0.06726,0.0013601319227107874,-0.06992580958273636,-0.06459419041726364
alt,3,bonferroni_minus_uncorrected,-0.13708,0.0015381250887284076,-0.14009466977762516,-0.13406533022237485
alt,3,pocock_minus_bonferroni,0.03668,0.0008406578888666437,0.0350323408145019,0.038327659185498096
alt,5,uncorrected_minus_fixed,0.0482,0.0009578901560570612,0.04632256979298271,0.05007743020701729
alt,5,bonferroni_minus_fixed,-0.1529,0.0017255988391938247,-0.15628211157658403,-0.14951788842341598
alt,5,pocock_minus_fixed,-0.09178,0.0015107528849833747,-0.0947410212441074,-0.0888189787558926
alt,5,bonferroni_minus_uncorrected,-0.2011,0.0017925512725725018,-0.20461333593468356,-0.19758666406531644
alt,5,pocock_minus_bonferroni,0.06112,0.0010713122169551338,0.05902026663857018,0.06321973336142983
alt,7,uncorrected_minus_fixed,0.05726,0.0010390608456432276,0.05522347816479354,0.05929652183520646
alt,7,bonferroni_minus_fixed,-0.1855,0.0018304813610742572,-0.1890876775420774,-0.1819123224579226
alt,7,pocock_minus_fixed,-0.106,0.001586483639564799,-0.10910945079560903,-0.10289054920439096
alt,7,bonferroni_minus_uncorrected,-0.24276,0.0019174527844261534,-0.2465181383995313,-0.2390018616004687
alt,7,pocock_minus_bonferroni,0.0795,0.0012098034024110899,0.07712882890290025,0.08187117109709975
alt,10,uncorrected_minus_fixed,0.0649,0.0011017186917183141,0.06274067104313752,0.06705932895686248
alt,10,bonferroni_minus_fixed,-0.22034,0.0019324286205724321,-0.2241274904990164,-0.21655250950098362
alt,10,pocock_minus_fixed,-0.12004,0.0016506551612160624,-0.12327522466687864,-0.11680477533312135
alt,10,bonferroni_minus_uncorrected,-0.28524,0.0020193178058166127,-0.289197790172741,-0.281282209827259
alt,10,pocock_minus_bonferroni,0.1003,0.0013434412144511325,0.09766690360432903,0.10293309639567097
alt,14,uncorrected_minus_fixed,0.07312,0.0011642578846322831,0.07083809647740394,0.07540190352259607
alt,14,bonferroni_minus_fixed,-0.25538,0.0020123871660399054,-0.2593242063683888,-0.25143579363161117
alt,14,pocock_minus_fixed,-0.13172,0.0017001925317718877,-0.13505231612905688,-0.12838768387094313
alt,14,bonferroni_minus_uncorrected,-0.3285,0.002100438820071829,-0.3326167844390706,-0.3243832155609294
alt,14,pocock_minus_bonferroni,0.12366,0.001472211749765883,0.12077451799284218,0.12654548200715784
alt,20,uncorrected_minus_fixed,0.08014,0.0012142409545151706,0.07776013146059674,0.08251986853940327
alt,20,bonferroni_minus_fixed,-0.29072,0.0020834885290034622,-0.2948035624790491,-0.28663643752095086
alt,20,pocock_minus_fixed,-0.14386,0.0017484127507379197,-0.1472868260215569,-0.14043317397844307
alt,20,bonferroni_minus_uncorrected,-0.37086,0.0021602200209725813,-0.37509395343978863,-0.3666260465602114
alt,20,pocock_minus_bonferroni,0.14686,0.0015830012400053631,0.14375737458210724,0.14996262541789274
alt,28,uncorrected_minus_fixed,0.08688,0.0012596305193908679,0.08441116954816641,0.08934883045183359
alt,28,bonferroni_minus_fixed,-0.32476,0.0021375477141351968,-0.3289495165349409,-0.32057048346505906
alt,28,pocock_minus_fixed,-0.1554,0.001793622352008034,-0.1589154352118018,-0.15188456478819823
alt,28,bonferroni_minus_uncorrected,-0.41164,0.002200896882396297,-0.4159536786231832,-0.4073263213768168
alt,28,pocock_minus_bonferroni,0.16936,0.0016773789315481461,0.16607239770573937,0.17264760229426065
