relative_lift,true_delta,fixed_horizon_power_exact,K,n_trials,share_significant,share_winners,n_winners,wrong_sign_share_of_significant,mean_n_at_stop_winners,winners_mean,winners_se,winners_lo,winners_hi,winners_rel_bias,winners_rel_lo,winners_rel_hi,significant_mean,significant_se,significant_lo,significant_hi,significant_rel_bias,significant_rel_lo,significant_rel_hi,winners_full_horizon_mean,winners_full_horizon_se,winners_full_horizon_lo,winners_full_horizon_hi,winners_full_horizon_rel_bias,winners_full_horizon_rel_lo,winners_full_horizon_rel_hi,incremental_mean_vs_K1,incremental_se,incremental_lo,incremental_hi,exact_winners_mean,exact_p_winner,truncated_normal_winners_mean,winners_bias_ci_excludes_zero,incremental_rel,incremental_rel_lo,incremental_rel_hi
0.0,0.0,0.0500085916943601,1,50000,0.05098,0.02628,1314,0.48450372695174576,14800.0,0.008137418240157965,3.146393022432983e-05,0.008075750070106198,0.008199086410209732,,,,0.000254339274543276,0.000162680909263895,-6.450944858618667e-05,0.0005731879976727387,,,,0.008137418240157965,3.146393022432983e-05,0.008075750070106198,0.008199086410209732,,,,0.0,0.0,0.0,0.0,0.008151903459270712,0.02500429584718006,0.008152921633263664,True,,,
0.0,0.0,0.0500085916943601,2,50000,0.0835,0.04258,2129,0.49005988023952096,10430.9065288868,0.010107619361964125,5.000640407273203e-05,0.010009608610985214,0.010205630112943037,,,,0.00020815665965366568,0.00016035242307212898,-0.00010612831440143675,0.0005224416337087681,,,,0.006698012009190966,5.0092595315886716e-05,0.006599832326479689,0.006796191691902244,,,,0.0019702011218061567,4.791113276483482e-05,0.0018751362951106357,0.0020575675959625017,,,,True,,,
0.0,0.0,0.0500085916943601,3,50000,0.10784,0.0548,2740,0.491839762611276,8737.70912408759,0.01129836527147245,5.9361280287476717e-05,0.011182019300032807,0.011414711242912092,,,,0.00016796994338056092,0.00015989489712325922,-0.00014541829629276427,0.0004813581830538861,,,,0.006008482935490234,4.9714817019619865e-05,0.00591104368463378,0.006105922186346688,,,,0.003160947031314483,5.70307123002795e-05,0.003047051741082482,0.0032769383172304174,,,,True,,,
0.0,0.0,0.0500085916943601,5,50000,0.1422,0.0724,3620,0.4908579465541491,7116.265193370165,0.013143957493405006,7.68164941070729e-05,0.012993399931536509,0.013294515055273503,,,,0.0002856163125150468,0.00016453002947638536,-3.685661963398197e-05,0.0006080892446640756,,,,0.005268870389726743,4.8444056100455226e-05,0.005173921784504813,0.005363818994948673,,,,0.0050065392532470405,8.201550459231011e-05,0.0048487105226926565,0.00517905730064471,,,,True,,,
0.0,0.0,0.0500085916943601,7,50000,0.16722,0.08494,4247,0.49204640593230475,6325.418648457735,0.014447095118597972,8.794436785889894e-05,0.014274727324951388,0.014619462912244556,,,,0.0003084557223054008,0.00016901119392665983,-2.2800130774967202e-05,0.0006397115753857688,,,,0.004898942974054818,4.6483850414558884e-05,0.004807836301379535,0.0049900496467301,,,,0.006309676878440003,9.065793795620824e-05,0.006146173745073288,0.006492073566779768,,,,True,,,
0.0,0.0,0.0500085916943601,10,50000,0.19248,0.09736,4868,0.4941812136325852,5677.691043549712,0.015890152701856685,0.0001016760856547156,0.015690871235884432,0.016089434167828938,,,,0.00024084357781365274,0.00017669610972587618,-0.00010547443345740212,0.0005871615890847076,,,,0.004530358213595683,4.5271410525232685e-05,0.004441627879436899,0.004619088547754466,,,,0.007752734461698718,0.000103918799335085,0.0075509063040548685,0.0079622468782929,,,,True,,,
0.0,0.0,0.0500085916943601,14,50000,0.21906,0.11062,5531,0.49502419428467087,5135.611643464112,0.01754032852528494,0.0001164758583011686,0.01731204003794626,0.01776861701262362,,,,0.0002660450208902199,0.00018589579772881648,-9.830404753560318e-05,0.000630394089316043,,,,0.004230162181708014,4.3337792329501165e-05,0.004145221669572716,0.004315102693843312,,,,0.009402910285126975,0.00012533813372455932,0.009159729683076868,0.009672048103238087,,,,True,,,
0.0,0.0,0.0500085916943601,20,50000,0.2466,0.1246,6230,0.49472830494728304,4608.667736757624,0.0194774516945846,0.00013371197758541914,0.019215381034215554,0.01973952235495365,,,,0.0003033902887889238,0.00019840732655147951,-8.548092552085362e-05,0.0006922615030987013,,,,0.003906316428788339,4.204380454732006e-05,0.0038239120861025505,0.003988720771474128,,,,0.011340033454426631,0.00013058700801716851,0.011067119627251803,0.011588801985522415,,,,True,,,
0.0,0.0,0.0500085916943601,28,50000,0.273,0.13882,6941,0.4915018315018315,4211.803630600778,0.021545431514271816,0.00015134494559674105,0.02124880087166003,0.021842062156883602,,,,0.00046065413742536635,0.00021290563157285147,4.336676743682365e-05,0.000877941507413909,,,,0.003656338949524369,4.0362667270922426e-05,0.0035772295753533877,0.0037354483236953506,,,,0.013408013274113846,0.00015303329214235784,0.01311321822233814,0.013713721501220244,,,,True,,,
0.04,0.0040000000000000036,0.20618738938603887,1,50000,0.20624,0.20536,10268,0.004266873545384018,14800.0,0.008859122806093979,1.629473141309212e-05,0.008827185719386564,0.008891059892801393,1.2147807015234928,1.206796429846639,1.2227649732003463,0.008787413771412995,1.9494095797368624e-05,0.00874920604573898,0.008825621497087011,1.196853442853247,1.1873015114347427,1.2064053742717507,0.008859122806093979,1.629473141309212e-05,0.008827185719386564,0.008891059892801393,1.2147807015234928,1.206796429846639,1.2227649732003463,0.0,0.0,0.0,0.0,0.008873601516137003,0.205209715689824,0.008873729752883372,True,0.0,0.0,0.0
0.04,0.0040000000000000036,0.20618738938603887,2,50000,0.24924,0.246,12300,0.012999518536350506,11069.918699186992,0.010317435728411336,2.3328160309802906e-05,0.010271713374378546,0.010363158082444127,1.5793589321028318,1.5679283435946343,1.5907895206110294,0.010041748537174633,3.159216664559533e-05,0.009979829028355678,0.010103668045993587,1.5104371342936558,1.4949572570889171,1.5259170114983944,0.008248082838936497,1.9066180973590446e-05,0.008210713810905537,0.008285451866967457,1.0620207097341225,1.0526784527263824,1.0713629667418623,0.0014583129223173577,1.993092386771604e-05,0.0014213408111764655,0.0014950759312614575,,,,True,0.3645782305793391,0.35533520279411607,0.373768982815364
0.04,0.0040000000000000036,0.20618738938603887,3,50000,0.27726,0.27146,13573,0.020918993002957513,9665.6638915494,0.011181362960354643,2.8629790069792324e-05,0.011125249602932909,0.011237476317776378,1.7953407400886583,1.7813124007332246,1.809369079444092,0.010683247569500367,4.045244145091765e-05,0.010603962241169853,0.01076253289783088,1.6708118923750894,1.650990560292461,1.6906332244577178,0.007935950943944756,1.9693159722072776e-05,0.007897353060147699,0.007974548827741814,0.9839877359861873,0.974338265036923,0.9936372069354518,0.0023222401542606647,2.505809109025483e-05,0.002269876267710132,0.002370872632370736,,,,True,0.5805600385651657,0.5674690669275325,0.5927181580926835
0.04,0.0040000000000000036,0.20618738938603887,5,50000,0.31472,0.30298,15149,0.03730299949161159,8344.820120139942,0.012318766097604635,3.654539287906395e-05,0.012247138443760802,0.012390393751448467,2.079691524401156,2.061784610940198,2.097598437862114,0.011286527177597016,5.500621125676939e-05,0.011178716984607746,0.011394337370586287,1.8216317943992517,1.7946792461519339,1.8485843426465691,0.007592990706727587,2.0082011825183423e-05,0.00755363068681312,0.007632350726642054,0.898247676681895,0.8884076717032783,0.9080876816605119,0.003459643291510656,3.432418444946534e-05,0.0033965252556368113,0.00352580289607548,,,,True,0.8649108228776632,0.849131313909202,0.8814507240188693
0.04,0.0040000000000000036,0.20618738938603887,7,50000,0.3405,0.32408,16204,0.048223201174743026,7652.738829918539,0.01312832678849389,4.261597636286611e-05,0.01304480100965666,0.013211852567331117,2.2820816971234694,2.261200252414162,2.3029631418327763,0.011658216114796246,6.505887210832211e-05,0.011530703068589138,0.011785729161003355,1.914554028699059,1.882675767147282,1.946432290250836,0.0073839250568761795,2.0193882944104736e-05,0.007344345773597717,0.007423504340154642,0.8459812642190432,0.8360864433994275,0.8558760850386589,0.004269203982399909,4.295985208512071e-05,0.004183786444703922,0.004353571179665841,,,,True,1.0673009955999764,1.0459466111759796,1.0883927949164593
0.04,0.0040000000000000036,0.20618738938603887,10,50000,0.3667,0.34416,17208,0.06146713935096809,7071.885169688517,0.014019952783028098,4.970758224759935e-05,0.01392252771206424,0.014117377853991956,2.5049881957570213,2.4806319280160567,2.529344463497986,0.011954468936777363,7.67013088673184e-05,0.011804137133830337,0.01210480073972439,1.9886172341943382,1.9510342834575813,2.0262001849310947,0.007204030651990903,2.0126063509385058e-05,0.007164584292361943,0.007243477011619864,0.8010076629977243,0.791146073090484,0.8108692529049644,0.005160829976934119,4.995699640897248e-05,0.005068468589241092,0.005255247923898531,,,,True,1.2902074942335287,1.2671171473102718,1.3138119809746316
0.04,0.0040000000000000036,0.20618738938603887,14,50000,0.3915,0.36244,18122,0.07422733077905491,6610.64358238605,0.015022417916602346,5.850333320962055e-05,0.014907753490535943,0.015137082342668749,2.755604479150583,2.7269383726339824,2.784270585667184,0.012253901138571808,8.992812858236199e-05,0.012077645245353291,0.012430157031790325,2.063475284642949,2.0194113113383203,2.1075392579475785,0.007039152053499256,2.0193896926043824e-05,0.006999572742816696,0.007078731364181816,0.7597880133748125,0.7498931857041724,0.7696828410454524,0.006163295110508367,6.042532185394394e-05,0.006038802521985,0.0062771519523518796,,,,True,1.5408237776270906,1.5097006304962486,1.5692879880879684
0.04,0.0040000000000000036,0.20618738938603887,20,50000,0.41546,0.3794,18970,0.08679535936070862,6185.534001054296,0.016184406488123578,6.868941189760768e-05,0.01604977771468503,0.016319035261562125,3.046101622030891,3.0124444286712544,3.0797588153905275,0.012622433869446302,0.0001040310067527249,0.012418536842935517,0.012826330895957087,2.1556084673615725,2.1046342107338765,2.206582723989269,0.006886709455897647,2.0227186223086696e-05,0.006847064899391813,0.006926354012403482,0.7216773639744103,0.7117662248479517,0.7315885031008689,0.0073252836820296,7.300449959987026e-05,0.007183876018449278,0.007462487340420202,,,,True,1.8313209205073984,1.795969004612318,1.8656218351050489
0.04,0.0040000000000000036,0.20618738938603887,28,50000,0.43924,0.395,19750,0.10071942446043165,5803.208607594936,0.017548497587238508,8.050448233221998e-05,0.017390711701273317,0.017706283473203698,3.3871243968096234,3.347677925318325,3.426570868300921,0.012958736540901827,0.00012062904734087096,0.012722307952624343,0.013195165129179311,2.239684135225454,2.180576988156083,2.298791282294825,0.006749411563462196,2.0255447261862232e-05,0.006709711616338195,0.006789111510586196,0.6873528908655473,0.6774279040845472,0.6972778776465476,0.008689374781144529,8.070679244655687e-05,0.008536112183183031,0.008838307438357479,,,,True,2.17234369528613,2.134028045795756,2.209576859589368
0.05,0.0050000000000000044,0.2942776946814656,1,50000,0.29608,0.2957,14785,0.0012834369089435287,14800.0,0.009117202423932219,1.4797557935798466e-05,0.009088199743318908,0.00914620510454553,0.823440484786442,0.81763994866378,0.8292410209091043,0.009095505597464528,1.5595022191937953e-05,0.009064939915630227,0.009126071279298828,0.8191011194929039,0.8129879831260438,0.8252142558597642,0.009117202423932219,1.4797557935798466e-05,0.009088199743318908,0.00914620510454553,0.823440484786442,0.81763994866378,0.8292410209091043,0.0,0.0,0.0,0.0,0.009131526771640608,0.2939128018852903,0.009131647623364311,True,0.0,0.0,0.0
0.05,0.0050000000000000044,0.2942776946814656,2,50000,0.3403,0.33844,16922,0.005465765501028504,11104.373005554899,0.010517605420099215,2.1007113072364603e-05,0.01047643223505822,0.01055877860514021,1.103521084019841,1.0952864470116421,1.11175572102804,0.010400441581752191,2.417804225244738e-05,0.010353053489720708,0.010447829673783675,1.0800883163504365,1.0706106979441397,1.0895659347567332,0.008643613623078224,1.646727924019052e-05,0.008611338348844087,0.008675888897312361,0.7287227246156434,0.722267669768816,0.7351777794624708,0.0014004029961669964,1.763023583193883e-05,0.0013662484243418802,0.0014339798190401891,,,,True,0.280080599233399,0.2732496848683758,0.28679596380803757
0.05,0.0050000000000000044,0.2942776946814656,3,50000,0.36908,0.36578,18289,0.008941150969979408,9668.403411886926,0.01132339739196591,2.5302467582803015e-05,0.011273805466783623,0.011372989317148197,1.2646794783931798,1.2547610933567226,1.274597863429637,0.011109449558648695,3.0123813988848075e-05,0.01105040796815357,0.011168491149143821,1.221889911729737,1.2100815936307119,1.2336982298287622,0.008380861040383158,1.6959417295241945e-05,0.008347621193285698,0.00841410088748062,0.6761722080766301,0.6695242386571381,0.6828201774961224,0.0022061949680336913,2.1926792912611898e-05,0.002163274418950551,0.002251819131226269,,,,True,0.44123899360673785,0.43265488379010986,0.4503638262452534
0.05,0.0050000000000000044,0.2942776946814656,5,50000,0.40454,0.39708,19854,0.018440698076828,8381.895839629295,0.012389994822565087,3.255779487578016e-05,0.012326182717192515,0.012453806927937659,1.4779989645130152,1.4652365434385008,1.4907613855875295,0.011871520349884665,4.1726650774990415e-05,0.011789737617170204,0.011953303082599126,1.3743040699769309,1.3579475234340386,1.3906606165198232,0.008111586200888104,1.7280766625866677e-05,0.008077716520676162,0.008145455881100045,0.6223172401776194,0.615543304135231,0.6290911762200075,0.0032727923986328646,3.0463704861868772e-05,0.0032160775956129625,0.003333315564882897,,,,True,0.6545584797265723,0.6432155191225919,0.6666631129765788
0.05,0.0050000000000000044,0.2942776946814656,7,50000,0.42876,0.41854,20927,0.02383617874801754,7709.817651837339,0.01315893898357535,3.792756760014999e-05,0.013084602317057848,0.013233275650092852,1.6317877967150678,1.6169204634115673,1.646655130018568,0.012424984413839098,4.927717391413425e-05,0.012328402927707479,0.012521565899970718,1.4849968827678173,1.4656805855414938,1.5043131799941412,0.007936685311488197,1.746502901041078e-05,0.007902454483638844,0.00797091613933755,0.5873370622976379,0.5804908967277673,0.5941832278675085,0.004041736559643131,3.7520178502977e-05,0.003966874577984613,0.004113941702758953,,,,True,0.8083473119286255,0.7933749155969219,0.8227883405517898
0.05,0.0050000000000000044,0.2942776946814656,10,50000,0.45236,0.4378,21890,0.0321867539128128,7139.495660118776,0.014001396578657885,4.453048177593957e-05,0.013914118438162827,0.014088674719152943,1.8002793157315744,1.782823687632563,1.8177349438305859,0.01290687683439032,5.9242683961497044e-05,0.012790763307478296,0.013022990361302344,1.5813753668780617,1.5581526614956571,1.6045980722604662,0.007787737829195116,1.7551512633249816e-05,0.007753337496559746,0.007822138161830486,0.5575475658390217,0.5506674993119478,0.5644276323660957,0.004884194154725666,4.714757265750771e-05,0.004800035572226744,0.004975275247145501,,,,True,0.9768388309451324,0.9600071144453479,0.9950550494290993
0.05,0.0050000000000000044,0.2942776946814656,14,50000,0.475,0.45602,22801,0.0399578947368421,6700.857286961098,0.014859341088744617,5.125492563562781e-05,0.014758883280468508,0.014959798897020727,1.9718682177489208,1.951776656093699,1.9919597794041426,0.013368543256282941,6.910520148293679e-05,0.013233099550232,0.013503986962333882,1.673708651256586,1.6466199100463976,1.7007973924667739,0.007644905332506754,1.765666905645095e-05,0.007610298897069168,0.007679511767944341,0.5289810665013495,0.5220597794138322,0.5359023535888667,0.005742138664812399,4.966271752553263e-05,0.005641238047878092,0.005832575553415394,,,,True,1.1484277329624788,1.1282476095756173,1.1665151106830778
0.05,0.0050000000000000044,0.2942776946814656,20,50000,0.49882,0.47292,23646,0.05192253718776312,6259.518734669711,0.0160557863606267,6.1017378092082154e-05,0.015936194497135157,0.016175378224118245,2.2111572721253374,2.1872388994270286,2.235075644823646,0.013898118031031303,8.336308867660316e-05,0.013734729379585142,0.014061506682477465,1.779623606206258,1.7469458759170262,1.8123013364954903,0.007515801769798217,1.7727988690761028e-05,0.007481055550445992,0.0075505479891504424,0.5031603539596421,0.49621111008919705,0.5101095978300871,0.006938583936694482,5.738962539515764e-05,0.006828174432196203,0.007049428504908053,,,,True,1.3877167873388951,1.3656348864392394,1.4098857009816093
0.05,0.0050000000000000044,0.2942776946814656,28,50000,0.52012,0.48816,24408,0.06144735830193032,5939.6992789249425,0.01715801900703683,7.092237347158231e-05,0.017019013709334428,0.01729702430473923,2.4316038014073627,2.4038027418668824,2.4594048609478434,0.014295130060998086,9.804176402218375e-05,0.014102971734533832,0.014487288387462341,1.8590260121996147,1.820594346906764,1.8974576774924654,0.007397394629142417,1.7830486843007514e-05,0.007362447517103307,0.007432341741181527,0.47947892582848195,0.47248950342066,0.48646834823630414,0.008040816583104614,6.628115714808232e-05,0.007908653383206747,0.008167255731704575,,,,True,1.6081633166209215,1.5817306766413481,1.6334511463409136
0.06,0.006000000000000005,0.39679212754213566,1,50000,0.39508,0.39494,19747,0.00035435861091424523,14800.0,0.0094515759492718,1.3995115567471851e-05,0.009424146026800079,0.009479005871743522,0.5752626582119653,0.5706910044666784,0.5798343119572522,0.00944544929661868,1.4181051209382751e-05,0.009417654946985373,0.009473243646251989,0.5742415494364455,0.5696091578308942,0.5788739410419967,0.0094515759492718,1.3995115567471851e-05,0.009424146026800079,0.009479005871743522,0.5752626582119653,0.5706910044666784,0.5798343119572522,0.0,0.0,0.0,0.0,0.009433313207407406,0.39666510854193143,0.009433508112055249,True,0.0,0.0,0.0
0.06,0.006000000000000005,0.39679212754213566,2,50000,0.43962,0.43874,21937,0.0020017287657522406,11006.053699229613,0.01078987863279243,1.9076241148455976e-05,0.010752489887181057,0.010827267378403805,0.7983131054654036,0.7920816478635078,0.8045445630672992,0.01074681205021044,2.0117706798975254e-05,0.010707382069432912,0.010786242030987967,0.7911353417017384,0.784563678238817,0.7977070051646595,0.009048571523613689,1.5241497255054614e-05,0.009018698737923317,0.009078444309304061,0.5080952539356134,0.5031164563205515,0.5130740515506755,0.0013383026835206303,1.4790054676147343e-05,0.0013078207190370297,0.0013682411350456568,,,,True,0.22305044725343817,0.21797011983950476,0.22804018917427593
0.06,0.006000000000000005,0.39679212754213566,3,50000,0.46562,0.46332,23166,0.0049396503586615695,9593.869809203143,0.011553549674088202,2.3062564741503616e-05,0.011508347877803731,0.011598751470372672,0.9255916123480319,0.9180579796339534,0.9331252450621104,0.011432349975461763,2.5591518960780724e-05,0.01138219151998896,0.011482508430934566,0.9053916625769589,0.8970319199981582,0.9137514051557594,0.008855119688453022,1.554646567947465e-05,0.008824649175634363,0.00888559020127168,0.47585328140883565,0.470774862605726,0.4809317002119453,0.0021019737248164014,1.8905933257729312e-05,0.002061057558658761,0.0021337266789683124,,,,True,0.3503289541360666,0.3435095931097932,0.35562111316138506
0.06,0.006000000000000005,0.39679212754213566,5,50000,0.50168,0.49722,24861,0.008890129166002233,8299.57282490648,0.012600006712999955,2.9325825329606498e-05,0.012542529151537014,0.012657484274462895,1.1000011188333239,1.090421525256167,1.1095807124104806,0.012345178533460906,3.374015495671119e-05,0.012279049044912952,0.01241130802200886,1.057529755576816,1.046508174152157,1.0685513370014745,0.008597673334007351,1.5910324555255127e-05,0.008566489670896708,0.008628856997117995,0.4329455556678907,0.4277482784827833,0.43814283285299793,0.0031484307637281526,2.7269972552280364e-05,0.0030943948700987043,0.003202120281653276,,,,True,0.5247384606213583,0.5157324783497836,0.5336867136088789
0.06,0.006000000000000005,0.39679212754213566,7,50000,0.52234,0.51572,25786,0.01267373741241337,7643.277321026914,0.013302257507483631,3.420055439627446e-05,0.01323522565261563,0.013369289362351633,1.2170429179139366,1.205870942102603,1.2282148937252702,0.012899112420498883,4.045772328051838e-05,0.01281981673997258,0.012978408101025187,1.1498520700831452,1.1366361233287612,1.1630680168375291,0.008471418075175928,1.5964158351855633e-05,0.008440128899762797,0.008502707250589058,0.41190301252931993,0.4066881499604649,0.417117875098175,0.003850681558211831,3.486058425385257e-05,0.0037835317615434816,0.003918454471476381,,,,True,0.6417802597019713,0.630588626923913,0.6530757452460629
0.06,0.006000000000000005,0.39679212754213566,10,50000,0.54614,0.53598,26799,0.018603288534075512,7091.286988320459,0.014128684454792706,4.009814283552698e-05,0.01405009353898813,0.014207275370597282,1.354780742465449,1.3416822564980198,1.3678792284328782,0.013469436319483927,4.914104756662774e-05,0.013373121636090767,0.013565751002877087,1.2449060532473193,1.2288536060151256,1.2609585004795125,0.00832868662908963,1.6135820060921385e-05,0.008297061002909204,0.008360312255270055,0.38811443818160374,0.38284350048486604,0.3933853758783412,0.004677108505520906,4.0606872943661716e-05,0.004605164004718439,0.0047577176724141355,,,,True,0.7795180842534836,0.7675273341197392,0.7929529454023552
0.06,0.006000000000000005,0.39679212754213566,14,50000,0.56664,0.55262,27631,0.0247423408160384,6659.003221019869,0.014935237540070288,4.6581535734054036e-05,0.014843939407686977,0.015026535672453599,1.4892062566783792,1.4739899012811604,1.5044226120755977,0.013966720876936116,5.8536421403990645e-05,0.013851991599200435,0.014081450154671797,1.327786812822684,1.3086652665334038,1.3469083591119642,0.008219655361633575,1.6156589350669428e-05,0.00818798902839326,0.00825132169487389,0.36994256027226124,0.36466483806554195,0.37522028247898054,0.005483661590798487,4.733705828332173e-05,0.0053996507872616116,0.005578171889548169,,,,True,0.9139435984664137,0.8999417978769345,0.929695314924694
0.06,0.006000000000000005,0.39679212754213566,20,50000,0.58842,0.56844,28422,0.033955338023860505,6259.199211878123,0.015959933319784195,5.43660271774868e-05,0.015853377864533794,0.016066488775034596,1.6599888866306967,1.6422296440889634,1.6777481291724303,0.014481821885926604,7.059334300976718e-05,0.014343461476079178,0.01462018229577403,1.4136369809877651,1.3905769126798608,1.4366970492956694,0.008106603278389218,1.6295810492134153e-05,0.008074664076725746,0.00813854248005269,0.35110054639820176,0.34577734612095656,0.3564237466754472,0.006508357370512391,5.307181314679895e-05,0.006408084119357165,0.006607681000261794,,,,True,1.084726228418731,1.06801401989286,1.101280166710298
0.06,0.006000000000000005,0.39679212754213566,28,50000,0.60784,0.58196,29098,0.0425769939457752,5933.835246408687,0.017039697463158265,6.352304998372989e-05,0.016915194573002015,0.017164200353314514,1.8399495771930416,1.8191990955003332,1.8607000588857496,0.014981408175360493,8.392038608390838e-05,0.014816927241067337,0.01514588910965365,1.49690136256008,1.4694878735112207,1.5243148516089393,0.008014180411767872,1.6320594940797985e-05,0.007982192633477643,0.008046168190058102,0.3356967352946443,0.33036543891293935,0.3410280316763492,0.007588121513886461,6.123681486775359e-05,0.007477638514242565,0.007716621249602437,,,,True,1.2646869189810757,1.2462730857070932,1.286103541600405
0.08,0.008000000000000007,0.615858788258952,1,50000,0.61716,0.61716,30858,0.0,14800.0,0.010213079353901831,1.325094646407071e-05,0.010187107976071185,0.010239050731732478,0.27663491923772776,0.2733884970088969,0.27988134146655863,0.010213079353901831,1.325094646407071e-05,0.010187107976071185,0.010239050731732478,0.27663491923772776,0.2733884970088969,0.27988134146655863,0.010213079353901831,1.325094646407071e-05,0.010187107976071185,0.010239050731732478,0.27663491923772776,0.2733884970088969,0.27988134146655863,0.0,0.0,0.0,0.0,0.010200659923042971,0.615846282354771,0.01020116644366453,True,0.0,0.0,0.0
0.08,0.008000000000000007,0.615858788258952,2,50000,0.65164,0.65148,32574,0.0002455343441163833,10697.900165776386,0.011425394818284853,1.6977580694165127e-05,0.011392119371579667,0.01145867026499004,0.4281743522856054,0.4240149214474571,0.4323337831237537,0.011419719394061055,1.7092380594012155e-05,0.01138621894368674,0.01145321984443537,0.4274649242576305,0.42327736796084126,0.43165248055441996,0.009976031704941265,1.380189673138608e-05,0.009948980484429408,0.010003082925453122,0.24700396311765704,0.24362256055367482,0.25038536568163905,0.0012123154643830219,1.2477456545374132e-05,0.001188956759206301,0.0012355681663691973,,,,True,0.1515394330478776,0.1486195949007875,0.15444602079614952
0.08,0.008000000000000007,0.615858788258952,3,50000,0.67342,0.67294,33647,0.0007127795432271094,9247.33069813059,0.012163185881865617,2.030722109563956e-05,0.012123384459892072,0.012202987303839162,0.5203982352332008,0.5154230574865075,0.5253734129798939,0.012144784129765124,2.0639709667829005e-05,0.012104331042164816,0.012185237217365433,0.5180980162206392,0.5130413802706006,0.5231546521706778,0.009838082428135034,1.4035616818767394e-05,0.009810573124669446,0.009865591731600622,0.22976030351687826,0.22632164058367965,0.23319896645007665,0.0019501065279637856,1.7998554368199447e-05,0.0019167929029055646,0.001986181860435872,,,,True,0.243763315995473,0.23959911286319535,0.24827273255448376
0.08,0.008000000000000007,0.615858788258952,5,50000,0.69914,0.6978,34890,0.0019166404439740251,7970.875322441961,0.013111089647256886,2.574387256853734e-05,0.013060632584199965,0.013161546710313807,0.6388862059071094,0.6325790730249943,0.6451933387892244,0.013054190354069491,2.6627000792583014e-05,0.013002002391499708,0.013106378316639274,0.631773794258685,0.625250298937462,0.6382972895799077,0.009686028677000304,1.4244536292888512e-05,0.00965810989888977,0.009713947455110838,0.21075358462503702,0.20726373736122006,0.21424343188885375,0.002898010293355055,2.304760999428151e-05,0.002854518931463071,0.002946305092149134,,,,True,0.36225128666938156,0.35681486643288357,0.3682881365186414
0.08,0.008000000000000007,0.615858788258952,7,50000,0.71692,0.71426,35713,0.00371031635328907,7340.30115084143,0.01380745992681704,3.000285594315613e-05,0.013748655409735109,0.01386626444389897,0.7259324908521283,0.7185819262168871,0.7332830554873697,0.01368407630667675,3.176620556700659e-05,0.013621815687839921,0.013746336925513579,0.7105095383345923,0.7027269609799887,0.7182921156891957,0.009587178111384983,1.436747356468572e-05,0.009559018380649367,0.009615337842120599,0.19839726392312174,0.1948772975811699,0.2019172302650738,0.0035943805729152078,2.9205035661349493e-05,0.0035404574127134406,0.003657784659172346,,,,True,0.4492975716144006,0.4425571765891797,0.45722308239654286
0.08,0.008000000000000007,0.615858788258952,10,50000,0.73274,0.72774,36387,0.006823702814095041,6801.606068101245,0.014595448664982427,3.53533713259999e-05,0.014526157330451397,0.014664739999513458,0.8244310831228019,0.8157696663064229,0.8330924999391807,0.014342120349520655,3.863499046507819e-05,0.014266397159666053,0.014417843539375258,0.7927650436900804,0.783299644958255,0.8022304424219056,0.009509031663372499,1.4432410318724737e-05,0.009480744658937694,0.009537318667807304,0.1886289579215612,0.18509308236721056,0.19216483347591184,0.004382369311080592,3.26829640373379e-05,0.00432332496203519,0.004446146379729966,,,,True,0.5477961638850736,0.5404156202543983,0.5557682974662452
0.08,0.008000000000000007,0.615858788258952,14,50000,0.74704,0.73962,36981,0.009932533733133433,6395.457586328114,0.015402248646802797,4.116574813064957e-05,0.015321565263070077,0.015482932030535518,0.925281080850348,0.9151956578837579,0.9353665038169381,0.01499054489768877,4.610331902397257e-05,0.014900184052834024,0.015080905742543517,0.8738181122110946,0.8625230066042513,0.885113217817938,0.009435471611791884,1.4535743344826013e-05,0.009406982078347507,0.00946396114523626,0.17943395147398444,0.1758727597934373,0.18299514315453158,0.005189169292900963,3.960852229658585e-05,0.005117599991690295,0.005268444494782307,,,,True,0.6486461616126198,0.6396999989612863,0.6585555618477877
0.08,0.008000000000000007,0.615858788258952,20,50000,0.7605,0.74928,37464,0.0147534516765286,6014.494981849242,0.01635054586447645,4.811240780664009e-05,0.016256247277965933,0.016444844450986967,1.0438182330595542,1.0320309097457399,1.055605556373369,0.01566920800000929,5.561124405365434e-05,0.015560211964528663,0.01577820403548992,0.9586510000011597,0.9450264955660812,0.9722755044362383,0.009374752915952468,1.4599035789522205e-05,0.009346139331595994,0.009403366500308943,0.17184411449405745,0.16826741644949816,0.17542081253861697,0.0061374665105746185,4.6732618768067674e-05,0.006052447858658129,0.0062293860290323945,,,,True,0.7671833138218266,0.7565559823322654,0.7786732536290486
0.08,0.008000000000000007,0.615858788258952,28,50000,0.7729,0.75712,37856,0.020416612757148404,5698.908178360101,0.017406731534382602,5.6193647834540694e-05,0.017296594008466976,0.01751686906029823,1.1758414417978234,1.1620742510583701,1.1896086325372766,0.016358290762429364,6.678733327996444e-05,0.01622738999457716,0.01648919153028157,1.0447863453036685,1.028423749322143,1.0611489412851944,0.009314082811678965,1.4728312628316352e-05,0.00928521584937442,0.00934294977398351,0.1642603514598695,0.16065198117180146,0.16786872174793777,0.0071936521804807675,5.4585227748432675e-05,0.007080582323080818,0.007293485374225337,,,,True,0.8992065225600951,0.8850727903851016,0.9116856717781663
0.1,0.010000000000000009,0.8014217523754263,1,50000,0.8,0.8,40000,0.0,14800.0,0.011243532094594593,1.3573575742659614e-05,0.011216928374997553,0.011270135814191633,0.12435320945945838,0.12169283749975435,0.1270135814191624,0.011243532094594593,1.3573575742659614e-05,0.011216928374997553,0.011270135814191633,0.12435320945945838,0.12169283749975435,0.1270135814191624,0.011243532094594593,1.3573575742659614e-05,0.011216928374997553,0.011270135814191633,0.12435320945945838,0.12169283749975435,0.1270135814191624,0.0,0.0,0.0,0.0,0.011239173385224984,0.8014208160144944,0.011240001526031766,True,0.0,0.0,0.0
0.1,0.010000000000000009,0.8014217523754263,2,50000,0.82056,0.82052,41026,4.874719703617042e-05,10207.15156242383,0.012330550764775402,1.6587560782833177e-05,0.01229803974304968,0.012363061786501124,0.2330550764775392,0.2298039743049669,0.23630617865011128,0.01232944245064017,1.6605256233587443e-05,0.01229689674646828,0.012361988154812062,0.232944245064016,0.22968967464682688,0.23619881548120514,0.01110908573468901,1.3889970360317764e-05,0.01108186189303646,0.011136309576341562,0.11090857346890015,0.10818618930364488,0.1136309576341552,0.0010870186701808088,1.1650484554408616e-05,0.0010631470660640886,0.0011094807772697012,,,,True,0.10870186701808078,0.10631470660640877,0.11094807772697002
0.1,0.010000000000000009,0.8014217523754263,3,50000,0.8335,0.8334,41670,0.0001199760047990402,8703.451931845453,0.013045383165808689,1.9628003015470295e-05,0.013006912986809923,0.013083853344807455,0.3045383165808677,0.3006912986809911,0.30838533448074434,0.013042232296890879,1.9676177469646478e-05,0.013003667697696954,0.013080796896084804,0.30422322968908677,0.30036676976969434,0.3080796896084792,0.011028288547726995,1.4048415584076924e-05,0.011000754159142352,0.011055822936311637,0.10282885477269854,0.1000754159142343,0.10558229363116278,0.001801851071214099,1.6255381694732424e-05,0.0017686106287686974,0.0018330528593421115,,,,True,0.18018510712140973,0.1768610628768696,0.183305285934211
0.1,0.010000000000000009,0.8014217523754263,5,50000,0.84844,0.84774,42387,0.0008250436094479279,7401.850567390945,0.013995909261232356,2.455579492234829e-05,0.013947780787572802,0.01404403773489191,0.39959092612323444,0.394778078757279,0.40440377348918966,0.013969812270192969,2.493063346228532e-05,0.01392094912649512,0.014018675413890817,0.3969812270192956,0.3920949126495108,0.40186754138908043,0.01093883164075676,1.422396757850076e-05,0.010910953176585633,0.010966710104927887,0.09388316407567499,0.09109531765856227,0.0966710104927877,0.002752377166637763,2.1756326229000238e-05,0.002708023904882467,0.002795464277946343,,,,True,0.27523771666377606,0.27080239048824645,0.27954642779463407
0.1,0.010000000000000009,0.8014217523754263,7,50000,0.85892,0.8575,42875,0.0016532389512410935,6793.244291545189,0.014681062143247402,2.8529071679767188e-05,0.014625146190242697,0.014736978096252107,0.468106214324739,0.4625146190242684,0.47369780962520935,0.014623590597584118,2.9294566643545014e-05,0.014566174302020061,0.014681006893148175,0.4623590597584104,0.45661743020200474,0.4681006893148163,0.010878105744228195,1.4331427850841399e-05,0.010850016661793513,0.010906194826662878,0.08781057442281859,0.08500166617935023,0.09061948266628694,0.0034375300486528086,2.652254237978497e-05,0.003384974495851556,0.0034897805896340595,,,,True,0.34375300486528054,0.33849744958515526,0.34897805896340567
0.1,0.010000000000000009,0.8014217523754263,10,50000,0.86814,0.86526,43263,0.0033174372797014308,6273.040704528119,0.015444985356789322,3.3349149946500144e-05,0.015379622223979155,0.015510348489599488,0.5444985356789307,0.5379622223979141,0.5510348489599475,0.01531680406624252,3.4931315069343575e-05,0.015248339946773985,0.015385268185711055,0.5316804066242506,0.5248339946773972,0.5385268185711041,0.010826944064930337,1.4437676311298386e-05,0.010798646739339744,0.01085524139052093,0.08269440649303283,0.07986467393397345,0.085524139052092,0.0042014532621947286,3.187283942365129e-05,0.0041342262773932485,0.004259195808765839,,,,True,0.4201453262194725,0.4134226277393245,0.42591958087658355
0.1,0.010000000000000009,0.8014217523754263,14,50000,0.87554,0.87096,43548,0.005231057404573178,5855.859006154129,0.01629499664167377,3.8791012556532435e-05,0.016218967654139126,0.016371025629208412,0.6294996641673754,0.6218967654139111,0.6371025629208398,0.01607075858424601,4.1376130509350456e-05,0.015989662858628056,0.016151854309863965,0.6070758584245997,0.5989662858628042,0.6151854309863951,0.010787900396952477,1.4507751502794263e-05,0.010759465726510344,0.01081633506739461,0.07879003969524678,0.07594657265103355,0.08163350673946002,0.005051464547079179,3.7737802564947755e-05,0.004978728838856578,0.005127475473105696,,,,True,0.5051464547079174,0.49787288388565737,0.5127475473105692
0.1,0.010000000000000009,0.8014217523754263,20,50000,0.88316,0.87606,43803,0.00803931337469994,5498.3471451727055,0.017251608828159366,4.5565998234538495e-05,0.017162301112700055,0.017340916543618676,0.725160882815935,0.716230111270004,0.7340916543618661,0.01686535287802653,4.9732475190980305e-05,0.01676787901779018,0.01696282673826288,0.6865352878026516,0.6767879017790164,0.6962826738262866,0.010748635938177752,1.4610525265074036e-05,0.010719999834862994,0.01077727204149251,0.07486359381777419,0.07199998348629832,0.07772720414925005,0.0060080767335647725,4.18900704803047e-05,0.005930651615800624,0.00608463893691601,,,,True,0.6008076733564767,0.593065161580062,0.6084638936916005
0.1,0.010000000000000009,0.8014217523754263,28,50000,0.88988,0.8791,43955,0.01211399289791882,5191.764827664657,0.01833456668184711,5.324080724707402e-05,0.018230216617135007,0.018438916746559213,0.8334566681847093,0.8230216617134991,0.8438916746559197,0.017686216441893107,5.97347404258977e-05,0.017569138502032497,0.017803294381753716,0.768621644189309,0.7569138502032482,0.78032943817537,0.01071586419772064,1.4696209495146446e-05,0.010687060156400897,0.010744668239040384,0.07158641977206304,0.06870601564008871,0.07446682390403736,0.0070910345872525204,5.155299422996977e-05,0.00699203656555765,0.007178559781571138,,,,True,0.7091034587252514,0.6992036565557644,0.7178559781571131
0.12,0.01200000000000001,0.9184128688620966,1,50000,0.91852,0.91852,45926,0.0,14800.0,0.012612800439249509,1.4444611835881857e-05,0.012584489520280519,0.012641111358218498,0.051066703270791436,0.04870746002337567,0.0534259465182072,0.012612800439249509,1.4444611835881857e-05,0.012584489520280519,0.012641111358218498,0.051066703270791436,0.04870746002337567,0.0534259465182072,0.012612800439249509,1.4444611835881857e-05,0.012584489520280519,0.012641111358218498,0.051066703270791436,0.04870746002337567,0.0534259465182072,0.0,0.0,0.0,0.0,0.012587684828554708,0.9184128153319059,0.012588593517381608,True,0.0,0.0,0.0
0.12,0.01200000000000001,0.9184128688620966,2,50000,0.92906,0.92906,46453,0.0,9535.10860439584,0.013542531509616521,1.7340968085186684e-05,0.013508543836712496,0.013576519182520546,0.12854429246804244,0.12571198639270698,0.1313765985433779,0.013542531509616521,1.7340968085186684e-05,0.013508543836712496,0.013576519182520546,0.12854429246804244,0.12571198639270698,0.1313765985433779,0.012538049211030503,1.4650661811316314e-05,0.012509334441530646,0.01256676398053036,0.04483743425254105,0.04244453679421967,0.04723033171086244,0.0009297310703670122,1.2643266000287092e-05,0.0009048158784901693,0.0009557639942029299,,,,True,0.07747758919725095,0.07540132320751404,0.07964699951691076
0.12,0.01200000000000001,0.9184128688620966,3,50000,0.93462,0.9346,46730,2.1399071280306435e-05,7943.09893002354,0.014232523538023074,2.011621101974346e-05,0.01419309648891897,0.014271950587127179,0.18604362816858844,0.18275804074324653,0.18932921559393057,0.014231954360733413,2.0123831389630307e-05,0.014192512375978782,0.014271396345488045,0.18599619672778345,0.1827093646648974,0.18928302879066927,0.012500331114337106,1.4740094907597055e-05,0.012471441059189512,0.012529221169484699,0.04169425952809114,0.03928675493245848,0.04410176412372402,0.0016197230987735657,1.6260098475347946e-05,0.0015850342963325246,0.0016533922067393384,,,,True,0.13497692489779703,0.1320861913610436,0.13778268389494475
0.12,0.01200000000000001,0.9184128688620966,5,50000,0.94114,0.94098,47049,0.00017000658775527552,6642.620246976557,0.015245665028351695,2.4903577823507624e-05,0.01519685491273143,0.01529447514397196,0.2704720856959735,0.26640457606095125,0.2745395953309955,0.015240129638638363,2.4976203097323945e-05,0.01519117718009705,0.015289082097179675,0.2700108032198625,0.26593143167475297,0.2740901747649718,0.01245507989657706,1.4861320891476589e-05,0.012425952242867072,0.012484207550287047,0.037923324714754125,0.035496020238921844,0.04035062919058641,0.0026328645891021876,2.1296344596989e-05,0.0025924327574892003,0.00267544891181119,,,,True,0.2194053824251821,0.21603606312409984,0.22295407598426562
0.12,0.01200000000000001,0.9184128688620966,7,50000,0.94494,0.9444,47220,0.000571464854911423,6040.329733163913,0.01595375976998281,2.866427677089552e-05,0.015897578819868967,0.016009940720096656,0.3294799808318998,0.32479823498907945,0.3341617266747201,0.015932673716887887,2.8936300666533932e-05,0.01587595960973566,0.015989387824040115,0.32772280974065615,0.3229966341446371,0.332448985336675,0.012430124374692354,1.4929820559917522e-05,0.01240086246409927,0.012459386285285439,0.03584369789102859,0.03340520534160496,0.038282190440452224,0.003340959330733303,2.4890573051404174e-05,0.003292365042731818,0.003385506954547245,,,,True,0.27841327756110834,0.2743637535609846,0.2821255795456035
0.12,0.01200000000000001,0.9184128688620966,10,50000,0.94916,0.94786,47393,0.0013696320957478191,5531.989112316165,0.016795642348914987,3.363831128907249e-05,0.016729712470287657,0.016861572227542317,0.39963686240958096,0.3941427058573035,0.40513101896185844,0.016738630238909435,3.4333674706342965e-05,0.01667133747302809,0.01680592300479078,0.39488585324245173,0.38927812275233964,0.4004935837325636,0.012403780407757787,1.5000182338388312e-05,0.012374380590613012,0.012433180224902562,0.03364836731314802,0.031198382551083537,0.0360983520752125,0.0041828419096654745,2.8996474455495116e-05,0.004129433389021774,0.0042390764807220226,,,,True,0.34857015913878925,0.3441194490851475,0.3532563733935016
0.12,0.01200000000000001,0.9184128688620966,14,50000,0.95186,0.9493,47465,0.0026894711407139706,5145.395070051617,0.0176472847609659,3.894200019205315e-05,0.017570959843103525,0.017723609678828276,0.47060706341382375,0.46424665359195916,0.47696747323568833,0.017523584383437804,4.0369178902794474e-05,0.017444462246702874,0.017602706520172734,0.46029869861981565,0.4537051872252382,0.4668922100143933,0.012388650527700355,1.5046601394646111e-05,0.012359159730877119,0.012418141324523591,0.03238754397502874,0.029929977573092348,0.034845110376964916,0.005034484321716392,3.667130788901486e-05,0.004967813780013617,0.005111638797875862,,,,True,0.4195403601430323,0.41398448166780105,0.4259698998229881
0.12,0.01200000000000001,0.9184128688620966,20,50000,0.95538,0.95036,47518,0.005254453725219285,4811.557304600362,0.018634418001926018,4.535408772403079e-05,0.018545525623435248,0.01872331038041679,0.5528681668271669,0.5454604686196027,0.560275865034731,0.018362436508414983,4.831564759471855e-05,0.018267739579239606,0.01845713343759036,0.5302030423679138,0.5223116316032992,0.5380944531325287,0.012369826000502798,1.5119280041945701e-05,0.01234019275614841,0.012399459244857186,0.03081883337523217,0.028349396345699773,0.033288270404764564,0.006021617562676506,4.238442790910109e-05,0.005941917722937429,0.006102188041858843,,,,True,0.501801463556375,0.49515981024478534,0.5085156701549032
0.12,0.01200000000000001,0.9184128688620966,28,50000,0.95808,0.9506,47530,0.007807281229124916,4548.69004839049,0.01966171368440196,5.226775008329627e-05,0.019559270776685758,0.01976415659211816,0.6384761403668284,0.6299392313904784,0.6470130493431787,0.019219952525655323,5.6752460474318284e-05,0.019108719747091628,0.01933118530421902,0.6016627104712755,0.5923933122576341,0.6109321086849169,0.012357764086409153,1.5166966167725638e-05,0.012328037378965673,0.012387490793852632,0.029813673867428392,0.027336448247138545,0.03229089948771846,0.007048913245152451,4.8566433109075665e-05,0.006953894311674764,0.007140631633058615,,,,True,0.5874094370960371,0.5794911926395632,0.5950526360882173
0.14,0.014000000000000012,0.9736882610461817,1,50000,0.97404,0.97404,48702,0.0,14800.0,0.014230960047148293,1.5264375899805808e-05,0.014201042420138192,0.014260877674158394,0.01649714622487708,0.014360172867012855,0.018634119582741526,0.014230960047148293,1.5264375899805808e-05,0.014201042420138192,0.014260877674158394,0.01649714622487708,0.014360172867012855,0.018634119582741526,0.014230960047148293,1.5264375899805808e-05,0.014201042420138192,0.014260877674158394,0.01649714622487708,0.014360172867012855,0.018634119582741526,0.0,0.0,0.0,0.0,0.01422500421409395,0.9736882586994854,0.014225697492916876,True,0.0,0.0,0.0
0.14,0.014000000000000012,0.9736882610461817,2,50000,0.97744,0.97744,48872,0.0,8841.934031756426,0.014931437002561575,1.834922289778516e-05,0.014895473186537618,0.014967400818585531,0.06653121446868293,0.06396237046697184,0.06910005847039424,0.014931437002561575,1.834922289778516e-05,0.014895473186537618,0.014967400818585531,0.06653121446868293,0.06396237046697184,0.06910005847039424,0.014202594311450099,1.5366967491551234e-05,0.014172475608615061,0.014232713014285137,0.014471022246434817,0.012319686329646418,0.016622358163223216,0.0007004769554132782,1.3018510804693475e-05,0.0006781614725649707,0.0007282892737509034,,,,True,0.050034068243805546,0.04844010518321215,0.05202066241077877
0.14,0.014000000000000012,0.9736882610461817,3,50000,0.97944,0.9794,48970,4.0839663481172915e-05,7172.213314274045,0.01561495992399805,2.0817955087992645e-05,0.015574157481793811,0.015655762366202287,0.11535428028557404,0.11243982012812848,0.1182687404430196,0.015613775808899302,2.083393968210708e-05,0.015572942037466292,0.01565460958033231,0.11526970063566333,0.11235300267616277,0.11818639859516389,0.014186501388053357,1.542302037031907e-05,0.014156272823594704,0.014216729952512011,0.013321527718096027,0.011162344542477998,0.015480710893714278,0.0013839998768497563,1.5925661843401126e-05,0.0013491219839096146,0.0014133788620984131,,,,True,0.0988571340606968,0.09636585599354382,0.10095563300702942
0.14,0.014000000000000012,0.9736882610461817,5,50000,0.98204,0.9819,49095,0.00014256038450572277,5847.831347387718,0.016661346612423605,2.5447637625081534e-05,0.01661147015918682,0.01671122306566039,0.19009618660168504,0.18653358279905752,0.19365879040431255,0.016656563249841022,2.5508194123580546e-05,0.01660656810804815,0.016706558391633895,0.18975451784578623,0.18618343628915235,0.1933255994024201,0.01416572530367214,1.5495808628063923e-05,0.01413535407684981,0.01419609653049447,0.01183752169086616,0.009668148346414052,0.014006895035318268,0.0024303865652753123,2.1854595182217806e-05,0.002385307436954624,0.0024706904311913307,,,,True,0.17359904037680787,0.17037910263961586,0.17647788794223776
0.14,0.014000000000000012,0.9736882610461817,7,50000,0.98328,0.98286,49143,0.000427141811081279,5242.606881956738,0.01742973043081658,2.9224547627952205e-05,0.01737245137000132,0.017487009491631844,0.24498074505832612,0.24088938357152156,0.24907210654513068,0.01741347206826294,2.9426908635144355e-05,0.017355796387161705,0.017471147749364174,0.2438194334473518,0.23969974194012078,0.2479391249545828,0.014156866255181375,1.553043752489165e-05,0.014126427156968439,0.014187305353394311,0.011204732512954507,0.009030511212030357,0.013378953813878436,0.003198770383668288,2.7173389981887758e-05,0.003146873712874105,0.0032482903794752325,,,,True,0.22848359883344896,0.22477669377672158,0.23202074139108783
0.14,0.014000000000000012,0.9736882610461817,10,50000,0.98454,0.98376,49188,0.000792248156499482,4769.290070748963,0.018302270763732403,3.4066801743544264e-05,0.018235501059246588,0.018369040468218217,0.3073050545523133,0.3025357899461838,0.31207431915844297,0.01826849305949952,3.44689355208182e-05,0.018200935187293283,0.018336050931705757,0.3048923613928216,0.3000667990923762,0.3097179236932672,0.014147802199613615,1.5565674501873992e-05,0.014117294038194868,0.014178310361032362,0.01055729997240018,0.008378145585346886,0.012736454359453475,0.004071310716584106,3.124180329535621e-05,0.004011818076983725,0.0041379492949074085,,,,True,0.2908079083274359,0.2865584340702658,0.29556780677910033
0.14,0.014000000000000012,0.9736882610461817,14,50000,0.98582,0.9843,49215,0.0015418636262197968,4394.442243218531,0.019248793462087407,3.9351159672704376e-05,0.01917166660637902,0.019325920317795793,0.37491381872052787,0.3694047575985002,0.3804228798425555,0.019177608197391706,4.013906715494791e-05,0.019098937071394973,0.01925627932338844,0.3698291569565493,0.36420979081392546,0.37544852309917287,0.014139723386904123,1.5604495310902826e-05,0.01410913913809783,0.014170307635710417,0.009980241921722088,0.0077956527212725835,0.012164831122171815,0.005017833414939117,3.58195636077045e-05,0.004939154775462969,0.005091252782953054,,,,True,0.3584166724956509,0.35279676967592605,0.36366091306807496
0.14,0.014000000000000012,0.9736882610461817,20,50000,0.98694,0.9843,49215,0.002674934646483069,4096.305597886823,0.020300820989818436,4.598582308889986e-05,0.02021069043276476,0.02039095154687211,0.4500586421298871,0.4436207451974816,0.4564965390622924,0.020159432997934004,4.750714974328044e-05,0.020066320695429022,0.020252545300438986,0.43995949985242766,0.4333086211020718,0.4466103786027835,0.014133964046338323,1.5637693882114753e-05,0.014103314729528115,0.01416461336314853,0.009568860452736416,0.007379623537721702,0.01175809736775113,0.006069860942670143,4.178314945872026e-05,0.005981701186304385,0.006146616736798393,,,,True,0.43356149590500986,0.42726437045031285,0.43904405262845625
0.14,0.014000000000000012,0.9736882610461817,28,50000,0.98788,0.9832,49160,0.004737417500101227,3841.4032343368594,0.02141136162843974,5.302598473140837e-05,0.02130743260812141,0.021515290648758074,0.5293829734599802,0.5219594720086707,0.5368064749112897,0.021131513091220078,5.5922530627055496e-05,0.021021906945266712,0.021241119237173443,0.5093937922300042,0.5015647818047637,0.5172228026552446,0.014129457315329974,1.5684168223358696e-05,0.014098716910484723,0.014160197720175224,0.009246951094997291,0.0070512078917650545,0.011442694298229306,0.0071804015812914485,5.2398651644889046e-05,0.007080018816151941,0.007289426932769714,,,,True,0.512885827235103,0.5057156297251382,0.5206733523406933
